BioProject,sra,reference,position,ref_base,base,vaf,depth,count,avg_basequality,avg_pos_as_fraction,Lineage
PRJNA698267,SRR13615940,NC_045512.2,8782,C,T,1,6,6,25.67,0.79,A
PRJNA698267,SRR13615940,NC_045512.2,28144,T,C,1,6,6,35.83,0.43,A
PRJNA698267,SRR13615940,NC_045512.2,29095,C,C,1,13,13,36.38,0.42,
PRJNA698267,SRR13615943,NC_045512.2,8782,C,C,0.99,120050,118355,33.94,0.63,B
PRJNA698267,SRR13615943,NC_045512.2,28144,T,T,1,150566,149815,35.76,0.49,B
PRJNA698267,SRR13615943,NC_045512.2,29095,C,C,0.99,344587,341821,34.48,0.44,
PRJNA698267,SRR13615944,NC_045512.2,8782,C,T,0.98,128,125,34.26,0.64,A
PRJNA698267,SRR13615944,NC_045512.2,28144,T,C,0.97,143,139,35.35,0.52,A
PRJNA698267,SRR13615944,NC_045512.2,29095,C,C,1,214,214,34.84,0.48,
PRJNA698267,SRR13615945,NC_045512.2,8782,C,T,0.99,206,204,33.5,0.62,A
PRJNA698267,SRR13615945,NC_045512.2,28144,T,C,0.98,173,170,35.28,0.51,A
PRJNA698267,SRR13615945,NC_045512.2,29095,C,C,0.99,351,349,34.94,0.45,
PRJNA698267,SRR13615946,NC_045512.2,8782,C,T,0.99,150,148,34.7,0.65,A
PRJNA698267,SRR13615946,NC_045512.2,28144,T,C,0.99,266,264,35.59,0.5,A
PRJNA698267,SRR13615946,NC_045512.2,29095,C,C,0.99,367,365,35.58,0.41,
PRJNA698267,SRR13615947,NC_045512.2,8782,C,T,0.97,270,262,33.48,0.65,A
PRJNA698267,SRR13615947,NC_045512.2,28144,T,C,1,322,321,35.6,0.47,A
PRJNA698267,SRR13615947,NC_045512.2,29095,C,C,0.99,570,567,35.16,0.41,
PRJNA698267,SRR13615963,NC_045512.2,8782,C,T,0.97,126575,122357,32.3,0.66,A
PRJNA698267,SRR13615963,NC_045512.2,28144,T,C,0.99,172701,171423,34.48,0.5,A
PRJNA698267,SRR13615963,NC_045512.2,29095,C,C,0.99,364201,361397,34.4,0.45,
PRJNA698267,SRR13615966,NC_045512.2,8782,C,C,0.7,20,14,31.5,0.79,B with subdominant A
PRJNA698267,SRR13615966,NC_045512.2,8782,C,T,0.3,20,6,31.67,0.85,B with subdominant A
PRJNA698267,SRR13615966,NC_045512.2,28144,T,C,0.19,37,7,31.57,0.55,B with subdominant A
PRJNA698267,SRR13615966,NC_045512.2,28144,T,T,0.81,37,30,37.2,0.54,B with subdominant A
PRJNA698267,SRR13615966,NC_045512.2,29095,C,C,1,62,62,33.65,0.4,
PRJNA698267,SRR13615968,NC_045512.2,8782,C,C,0.57,28,16,32.44,0.65,B with subdominant T/T
PRJNA698267,SRR13615968,NC_045512.2,8782,C,T,0.43,28,12,27.83,0.74,B with subdominant T/T
PRJNA698267,SRR13615968,NC_045512.2,28144,T,C,0.2,41,8,34.38,0.69,B with subdominant T/T
PRJNA698267,SRR13615968,NC_045512.2,28144,T,T,0.78,41,32,36.31,0.53,B with subdominant T/T
PRJNA698267,SRR13615968,NC_045512.2,29095,C,C,0.98,65,64,35.56,0.41,
PRJNA698267,SRR13615970,NC_045512.2,8782,C,C,0.85,41,35,33.57,0.64,B with subdominant A
PRJNA698267,SRR13615970,NC_045512.2,8782,C,T,0.15,41,6,29.67,0.67,B with subdominant A
PRJNA698267,SRR13615970,NC_045512.2,28144,T,C,0.15,52,8,34,0.63,B with subdominant A
PRJNA698267,SRR13615970,NC_045512.2,28144,T,T,0.83,52,43,35.81,0.48,B with subdominant A
PRJNA698267,SRR13615970,NC_045512.2,29095,C,C,0.97,75,73,35.53,0.45,
PRJNA698267,SRR13615972,NC_045512.2,8782,C,C,0.91,55,50,34.28,0.72,B and subdominant C/C
PRJNA698267,SRR13615972,NC_045512.2,8782,C,T,0.07,55,4,36,0.57,B and subdominant C/C
PRJNA698267,SRR13615972,NC_045512.2,28144,T,C,0.17,84,14,34.07,0.52,B and subdominant C/C
PRJNA698267,SRR13615972,NC_045512.2,28144,T,T,0.83,84,70,35.77,0.44,B and subdominant C/C
PRJNA698267,SRR13615972,NC_045512.2,29095,C,C,1,98,98,34.13,0.38,
PRJNA698267,SRR13615973,NC_045512.2,8782,C,C,1,20,20,34.35,0.69,B
PRJNA698267,SRR13615973,NC_045512.2,28144,T,T,1,26,26,35.96,0.4,B
PRJNA698267,SRR13615973,NC_045512.2,29095,C,C,1,72,72,35.18,0.43,
PRJNA698267,SRR13615974,NC_045512.2,8782,C,C,0.36,14,5,31,0.69,A with subdominant B
PRJNA698267,SRR13615974,NC_045512.2,8782,C,T,0.64,14,9,33,0.55,A with subdominant B
PRJNA698267,SRR13615974,NC_045512.2,28144,T,C,0.65,17,11,36.91,0.55,A with subdominant B
PRJNA698267,SRR13615974,NC_045512.2,28144,T,T,0.35,17,6,37.17,0.65,A with subdominant B
PRJNA698267,SRR13615974,NC_045512.2,29095,C,C,1,31,31,32.87,0.47,
PRJNA698267,SRR13615975,NC_045512.2,8782,C,T,1,3,3,31.67,0.62,A
PRJNA698267,SRR13615975,NC_045512.2,28144,T,C,1,4,4,34,0.51,A
PRJNA698267,SRR13615975,NC_045512.2,29095,C,C,1,17,17,36.59,0.49,
PRJNA698267,SRR13615978,NC_045512.2,8782,C,C,0.99,136226,134957,34.13,0.61,B
PRJNA698267,SRR13615978,NC_045512.2,28144,T,T,1,97485,97153,35.8,0.46,B
PRJNA698267,SRR13615978,NC_045512.2,29095,C,C,0.99,298836,296506,34.51,0.45,
PRJNA698267,SRR13615979,NC_045512.2,8782,C,C,0.65,23,15,33.87,0.68,B with subdominant C/C or A
PRJNA698267,SRR13615979,NC_045512.2,8782,C,T,0.35,23,8,30.88,0.76,B with subdominant C/C or A
PRJNA698267,SRR13615979,NC_045512.2,28144,T,C,0.5,14,7,35.71,0.41,B with subdominant C/C or A
PRJNA698267,SRR13615979,NC_045512.2,28144,T,T,0.5,14,7,36.43,0.5,B with subdominant C/C or A
PRJNA698267,SRR13615979,NC_045512.2,29095,C,C,1,41,41,35.68,0.52,
PRJNA698267,SRR13615980,NC_045512.2,8782,C,C,0.95,156,148,34.57,0.64,B
PRJNA698267,SRR13615980,NC_045512.2,28144,T,C,0.05,256,14,35,0.54,B
PRJNA698267,SRR13615980,NC_045512.2,28144,T,T,0.95,256,242,36.37,0.51,B
PRJNA698267,SRR13615980,NC_045512.2,29095,C,C,0.99,400,398,35.73,0.47,
PRJNA698267,SRR13615981,NC_045512.2,8782,C,C,0.99,158,156,35.12,0.62,B
PRJNA698267,SRR13615981,NC_045512.2,28144,T,T,1,141,141,36.43,0.46,B
PRJNA698267,SRR13615981,NC_045512.2,29095,C,C,1,313,312,35.08,0.47,
PRJNA698267,SRR13615985,NC_045512.2,8782,C,C,0.08,86,7,33.86,0.62,A
PRJNA698267,SRR13615985,NC_045512.2,8782,C,T,0.92,86,79,33.33,0.64,A
PRJNA698267,SRR13615985,NC_045512.2,28144,T,C,0.97,106,103,34.91,0.52,A
PRJNA698267,SRR13615985,NC_045512.2,29095,C,C,0.05,240,12,36.25,0.76,
PRJNA698267,SRR13615985,NC_045512.2,29095,C,T,0.94,240,225,35.14,0.4,
PRJNA698267,SRR13615986,NC_045512.2,8782,C,C,0.28,50,14,34,0.66,A with subdominant C/C
PRJNA698267,SRR13615986,NC_045512.2,8782,C,T,0.72,50,36,35.39,0.66,A with subdominant C/C
PRJNA698267,SRR13615986,NC_045512.2,28144,T,C,0.94,62,58,35.48,0.54,A with subdominant C/C
PRJNA698267,SRR13615986,NC_045512.2,29095,C,C,0.3,86,26,33,0.55,
PRJNA698267,SRR13615986,NC_045512.2,29095,C,T,0.7,86,60,35.02,0.58,
PRJNA698267,SRR13615989,NC_045512.2,8782,C,T,0.99,507,500,34.37,0.66,A
PRJNA698267,SRR13615989,NC_045512.2,28144,T,C,0.99,747,742,35.66,0.5,A
PRJNA698267,SRR13615989,NC_045512.2,29095,C,C,1,969,969,35.13,0.46,
PRJNA698267,SRR13615999,NC_045512.2,8782,C,T,0.98,165073,162037,33.29,0.67,A
PRJNA698267,SRR13615999,NC_045512.2,28144,T,C,0.99,198250,196342,34.83,0.48,A
PRJNA698267,SRR13615999,NC_045512.2,29095,C,C,0.99,479259,473404,34.73,0.45,
PRJNA698267,SRR13616005,NC_045512.2,8782,C,C,0.57,339,192,33.48,0.66,B with subdominant A
PRJNA698267,SRR13616005,NC_045512.2,8782,C,T,0.43,339,145,32.34,0.66,B with subdominant A
PRJNA698267,SRR13616005,NC_045512.2,28144,T,C,0.42,537,228,35.36,0.52,B with subdominant A
PRJNA698267,SRR13616005,NC_045512.2,28144,T,T,0.58,537,309,35.33,0.55,
PRJNA698267,SRR13616005,NC_045512.2,29095,C,C,0.99,684,678,34.72,0.48,
PRJNA698267,SRR13616006,NC_045512.2,8782,C,T,0.98,60577,59096,31.94,0.67,A
PRJNA698267,SRR13616006,NC_045512.2,28144,T,C,0.99,96641,95793,34.51,0.52,A
PRJNA698267,SRR13616006,NC_045512.2,29095,C,C,0.98,210645,206750,34.31,0.46,
PRJNA698267,SRR13616007,NC_045512.2,8782,C,C,0.75,375,282,34.55,0.66,B with subdominant A
PRJNA698267,SRR13616007,NC_045512.2,8782,C,T,0.25,375,93,32.1,0.72,B with subdominant A
PRJNA698267,SRR13616007,NC_045512.2,28144,T,C,0.3,606,180,34.96,0.54,B with subdominant A
PRJNA698267,SRR13616007,NC_045512.2,28144,T,T,0.7,606,426,36.22,0.5,B with subdominant A
PRJNA698267,SRR13616007,NC_045512.2,29095,C,C,1,860,857,35.18,0.45,
PRJNA698267,SRR13616008,NC_045512.2,8782,C,C,1,166,166,35.46,0.64,B
PRJNA698267,SRR13616008,NC_045512.2,28144,T,T,1,159,159,36.41,0.47,B
PRJNA698267,SRR13616008,NC_045512.2,29095,C,C,1,320,319,35.71,0.45,
PRJNA698267,SRR13616009,NC_045512.2,28144,T,T,1,35,35,35.17,0.73,B or T/T (<3 reads at 8782)
PRJNA698267,SRR13616009,NC_045512.2,29095,C,C,1,6,6,35.5,0.37,
PRJNA698267,SRR13616015,NC_045512.2,8782,C,C,1,26,26,34.58,0.79,B
PRJNA698267,SRR13616015,NC_045512.2,28144,T,T,0.97,38,37,35.51,0.39,B
PRJNA698267,SRR13616015,NC_045512.2,29095,C,C,0.99,79,78,35.41,0.49,
PRJNA698267,SRR13616018,NC_045512.2,8782,C,C,1,29,29,34.52,0.73,B
PRJNA698267,SRR13616018,NC_045512.2,28144,T,T,1,44,44,35.61,0.44,B
PRJNA698267,SRR13616018,NC_045512.2,29095,C,C,1,66,66,35.45,0.44,
PRJNA698267,SRR13616020,NC_045512.2,8782,C,C,0.29,31,9,35.67,0.52,A with subdominant B
PRJNA698267,SRR13616020,NC_045512.2,8782,C,T,0.71,31,22,30.77,0.67,A with subdominant B
PRJNA698267,SRR13616020,NC_045512.2,28144,T,C,0.8,55,44,33.48,0.47,A with subdominant B
PRJNA698267,SRR13616020,NC_045512.2,28144,T,T,0.18,55,10,36.8,0.65,A with subdominant B
PRJNA698267,SRR13616020,NC_045512.2,29095,C,C,0.97,33,32,34.66,0.54,
PRJNA698267,SRR13616022,NC_045512.2,8782,C,C,1,9,9,36,0.59,B
PRJNA698267,SRR13616022,NC_045512.2,28144,T,T,1,22,22,36.5,0.42,B
PRJNA698267,SRR13616022,NC_045512.2,29095,C,C,1,26,26,35.46,0.38,
PRJNA698267,SRR13616025,NC_045512.2,8782,C,C,1,195,195,34.97,0.64,B
PRJNA698267,SRR13616025,NC_045512.2,28144,T,T,1,291,291,35.81,0.45,B
PRJNA698267,SRR13616025,NC_045512.2,29095,C,C,0.99,359,356,35.2,0.45,
PRJNA698267,SRR13616029,NC_045512.2,8782,C,C,0.75,4,3,26.67,0.75,B or C/C dominant (<3 reads at 28144)
PRJNA698267,SRR13616029,NC_045512.2,8782,C,T,0.25,4,1,37,0.75,B or C/C dominant (<3 reads at 28144)
PRJNA698267,SRR13616029,NC_045512.2,29095,C,C,1,29,29,34.21,0.41,
PRJNA698267,SRR13615993,NC_045512.2,8782,C,T,0.97,12525,12126,32.75,0.67,A
PRJNA698267,SRR13615993,NC_045512.2,28144,T,C,0.99,20145,19917,34.82,0.52,A
PRJNA698267,SRR13615993,NC_045512.2,29095,C,C,0.99,29682,29501,34.81,0.45,
PRJNA698267,SRR13615939,NC_045512.2,8782,C,C,0.99,1103,1092,30,0.62,B
PRJNA698267,SRR13615939,NC_045512.2,28144,T,T,1,2256,2249,30,0.48,B
PRJNA698267,SRR13615939,NC_045512.2,29095,C,C,1,2431,2421,30,0.46,
PRJNA698267,SRR13615941,NC_045512.2,8782,C,C,0.98,66977,65818,30,0.62,B
PRJNA698267,SRR13615941,NC_045512.2,28144,T,T,1,99518,99048,30,0.47,B
PRJNA698267,SRR13615941,NC_045512.2,29095,C,C,0.99,208914,206496,30,0.44,
PRJNA698267,SRR13615942,NC_045512.2,8782,C,C,0.99,7056,7006,30,0.62,B
PRJNA698267,SRR13615942,NC_045512.2,28144,T,T,1,12202,12182,30,0.5,B
PRJNA698267,SRR13615942,NC_045512.2,29095,C,C,1,15199,15135,30,0.44,
PRJNA698267,SRR13615948,NC_045512.2,8782,C,C,0.99,100744,99274,30,0.62,B
PRJNA698267,SRR13615948,NC_045512.2,28144,T,T,1,157419,156801,30,0.5,B
PRJNA698267,SRR13615948,NC_045512.2,29095,C,C,0.99,221594,220219,30,0.45,
PRJNA698267,SRR13615949,NC_045512.2,8782,C,C,0.99,117865,116617,30,0.61,B
PRJNA698267,SRR13615949,NC_045512.2,28144,T,T,1,121991,121497,30,0.48,B
PRJNA698267,SRR13615949,NC_045512.2,29095,C,C,0.99,286278,284043,30,0.45,
PRJNA698267,SRR13615950,NC_045512.2,8782,C,T,0.98,11266,11090,30,0.65,A
PRJNA698267,SRR13615950,NC_045512.2,28144,T,C,1,17906,17818,30,0.5,A
PRJNA698267,SRR13615950,NC_045512.2,29095,C,C,0.99,25707,25565,30,0.45,
PRJNA698267,SRR13615951,NC_045512.2,8782,C,C,0.99,2074,2052,30,0.63,B
PRJNA698267,SRR13615951,NC_045512.2,28144,T,T,1,4035,4034,30,0.51,B
PRJNA698267,SRR13615951,NC_045512.2,29095,C,C,0.99,5391,5361,30,0.45,
PRJNA698267,SRR13615952,NC_045512.2,8782,C,T,0.96,37322,35877,30,0.65,A
PRJNA698267,SRR13615952,NC_045512.2,28144,T,C,0.98,44526,43843,30,0.49,A
PRJNA698267,SRR13615952,NC_045512.2,29095,C,C,0.99,89140,88360,30,0.45,
PRJNA698267,SRR13615953,NC_045512.2,8782,C,T,0.96,716,684,30,0.65,A
PRJNA698267,SRR13615953,NC_045512.2,28144,T,C,0.98,1389,1356,30,0.54,A
PRJNA698267,SRR13615953,NC_045512.2,29095,C,C,1,1903,1896,30,0.44,
PRJNA698267,SRR13615954,NC_045512.2,8782,C,T,0.98,994,972,30,0.65,A
PRJNA698267,SRR13615954,NC_045512.2,28144,T,C,0.99,1423,1411,30,0.52,A
PRJNA698267,SRR13615954,NC_045512.2,29095,C,C,1,2867,2858,30,0.42,
PRJNA698267,SRR13615955,NC_045512.2,8782,C,C,0.98,247171,242272,30,0.62,B
PRJNA698267,SRR13615955,NC_045512.2,28144,T,T,1,469905,468107,30,0.51,B
PRJNA698267,SRR13615955,NC_045512.2,29095,C,C,0.99,708540,704612,30,0.45,
PRJNA698267,SRR13615956,NC_045512.2,8782,C,C,0.98,176442,172778,30,0.63,B
PRJNA698267,SRR13615956,NC_045512.2,28144,T,T,0.99,208316,205568,30,0.5,B
PRJNA698267,SRR13615956,NC_045512.2,29095,C,C,0.99,513481,509183,30,0.45,
PRJNA698267,SRR13615957,NC_045512.2,8782,C,T,0.98,9238,9081,30,0.65,A
PRJNA698267,SRR13615957,NC_045512.2,28144,T,C,0.99,15868,15785,30,0.51,A
PRJNA698267,SRR13615957,NC_045512.2,29095,C,C,1,21223,21132,30,0.45,
PRJNA698267,SRR13615958,NC_045512.2,8782,C,T,0.97,16697,16191,30,0.65,A
PRJNA698267,SRR13615958,NC_045512.2,28144,T,C,0.99,19893,19666,30,0.5,A
PRJNA698267,SRR13615958,NC_045512.2,29095,C,C,0.99,40435,40180,30,0.45,
PRJNA698267,SRR13615959,NC_045512.2,8782,C,T,0.96,762,730,30,0.65,A
PRJNA698267,SRR13615959,NC_045512.2,28144,T,C,0.98,1082,1063,30,0.55,A
PRJNA698267,SRR13615959,NC_045512.2,29095,C,C,0.99,1845,1835,30,0.44,
PRJNA698267,SRR13615960,NC_045512.2,8782,C,T,0.96,3236,3121,30,0.65,A
PRJNA698267,SRR13615960,NC_045512.2,28144,T,C,0.99,2798,2765,30,0.51,A
PRJNA698267,SRR13615960,NC_045512.2,29095,C,C,0.99,6665,6625,30,0.44,
PRJNA698267,SRR13615961,NC_045512.2,8782,C,T,0.97,29351,28452,30,0.66,A
PRJNA698267,SRR13615961,NC_045512.2,28144,T,C,1,47333,47113,30,0.51,A
PRJNA698267,SRR13615961,NC_045512.2,29095,C,C,1,70079,69756,30,0.45,
PRJNA698267,SRR13615962,NC_045512.2,8782,C,C,0.99,18568,18429,30,0.63,B
PRJNA698267,SRR13615962,NC_045512.2,28144,T,T,1,25307,25247,30,0.5,B
PRJNA698267,SRR13615962,NC_045512.2,29095,C,C,0.99,47861,47484,30,0.46,
PRJNA698267,SRR13615964,NC_045512.2,8782,C,T,0.97,621,605,30,0.67,A
PRJNA698267,SRR13615964,NC_045512.2,28144,T,C,0.98,1206,1182,30,0.51,A
PRJNA698267,SRR13615964,NC_045512.2,29095,C,C,1,1682,1680,30,0.45,
PRJNA698267,SRR13615965,NC_045512.2,8782,C,T,0.97,4776,4655,30,0.68,A
PRJNA698267,SRR13615965,NC_045512.2,28144,T,C,0.99,6904,6853,30,0.5,A
PRJNA698267,SRR13615965,NC_045512.2,29095,C,C,0.99,16338,16180,30,0.45,
PRJNA698267,SRR13615967,NC_045512.2,8782,C,C,0.99,1034,1019,30,0.71,B
PRJNA698267,SRR13615967,NC_045512.2,28144,T,T,0.99,1769,1757,30,0.45,B
PRJNA698267,SRR13615967,NC_045512.2,29095,C,C,0.99,2870,2842,30,0.4,
PRJNA698267,SRR13615969,NC_045512.2,8782,C,C,0.99,9484,9345,30,0.64,B
PRJNA698267,SRR13615969,NC_045512.2,28144,T,T,1,12653,12633,30,0.51,B
PRJNA698267,SRR13615969,NC_045512.2,29095,C,C,0.99,25978,25681,30,0.43,
PRJNA698267,SRR13615971,NC_045512.2,8782,C,C,0.99,644,636,30,0.66,B
PRJNA698267,SRR13615971,NC_045512.2,28144,T,T,0.99,1096,1089,30,0.48,B
PRJNA698267,SRR13615971,NC_045512.2,29095,C,C,0.99,2311,2286,30,0.42,
PRJNA698267,SRR13615976,NC_045512.2,8782,C,C,0.99,17021,16818,30,0.62,B
PRJNA698267,SRR13615976,NC_045512.2,28144,T,T,1,22241,22197,30,0.51,B
PRJNA698267,SRR13615976,NC_045512.2,29095,C,C,1,33127,32979,30,0.45,
PRJNA698267,SRR13615977,NC_045512.2,8782,C,C,0.98,38007,37387,30,0.62,B
PRJNA698267,SRR13615977,NC_045512.2,28144,T,T,1,43146,43016,30,0.48,B
PRJNA698267,SRR13615977,NC_045512.2,29095,C,C,0.99,76474,76029,30,0.45,
PRJNA698267,SRR13615982,NC_045512.2,8782,C,C,0.99,1045,1035,30,0.64,B
PRJNA698267,SRR13615982,NC_045512.2,28144,T,T,0.99,1553,1541,30,0.49,B
PRJNA698267,SRR13615982,NC_045512.2,29095,C,C,1,2327,2316,30,0.45,
PRJNA698267,SRR13615983,NC_045512.2,8782,C,C,1,851,850,30,0.63,B
PRJNA698267,SRR13615983,NC_045512.2,28144,T,T,1,790,789,30,0.48,B
PRJNA698267,SRR13615983,NC_045512.2,29095,C,C,1,1603,1595,30,0.44,
PRJNA698267,SRR13615984,NC_045512.2,8782,C,C,0.98,746,733,30,0.66,B
PRJNA698267,SRR13615984,NC_045512.2,28144,T,T,1,1071,1068,30,0.42,B
PRJNA698267,SRR13615984,NC_045512.2,29095,C,C,0.99,3198,3164,30,0.45,
PRJNA698267,SRR13615987,NC_045512.2,8782,C,T,0.98,6175,6062,30,0.66,A
PRJNA698267,SRR13615987,NC_045512.2,28144,T,C,1,8957,8919,30,0.5,A
PRJNA698267,SRR13615987,NC_045512.2,29095,C,C,1,14976,14909,30,0.46,
PRJNA698267,SRR13615988,NC_045512.2,8782,C,T,0.98,119869,117784,30,0.66,A
PRJNA698267,SRR13615988,NC_045512.2,28144,T,C,0.99,143991,143182,30,0.5,A
PRJNA698267,SRR13615988,NC_045512.2,29095,C,C,0.99,240627,239270,30,0.46,
PRJNA698267,SRR13615990,NC_045512.2,8782,C,T,0.97,54143,52464,30,0.67,A
PRJNA698267,SRR13615990,NC_045512.2,28144,T,C,0.99,90516,89691,30,0.49,A
PRJNA698267,SRR13615990,NC_045512.2,29095,C,C,0.99,171070,169059,30,0.44,
PRJNA698267,SRR13615991,NC_045512.2,8782,C,C,0.28,384,108,30,0.68,A with subordinate B
PRJNA698267,SRR13615991,NC_045512.2,8782,C,T,0.71,384,273,30,0.65,A with subordinate B
PRJNA698267,SRR13615991,NC_045512.2,28144,T,C,0.79,722,571,30,0.55,A with subordinate B
PRJNA698267,SRR13615991,NC_045512.2,28144,T,T,0.21,722,149,30,0.56,A with subordinate B
PRJNA698267,SRR13615991,NC_045512.2,29095,C,C,0.99,890,882,30,0.45,
PRJNA698267,SRR13615992,NC_045512.2,8782,C,T,0.97,38887,37571,30,0.67,A
PRJNA698267,SRR13615992,NC_045512.2,28144,T,C,0.99,67016,66392,30,0.58,A
PRJNA698267,SRR13615992,NC_045512.2,29095,C,C,0.99,116912,115400,30,0.42,
PRJNA698267,SRR13615994,NC_045512.2,8782,C,C,0.09,1176,109,30,0.67,A
PRJNA698267,SRR13615994,NC_045512.2,8782,C,T,0.89,1176,1043,30,0.7,A
PRJNA698267,SRR13615994,NC_045512.2,28144,T,C,0.92,1824,1673,30,0.51,A
PRJNA698267,SRR13615994,NC_045512.2,28144,T,T,0.08,1824,149,30,0.5,A
PRJNA698267,SRR13615994,NC_045512.2,29095,C,C,0.12,2676,334,30,0.49,
PRJNA698267,SRR13615994,NC_045512.2,29095,C,T,0.87,2676,2316,30,0.46,
PRJNA698267,SRR13615995,NC_045512.2,8782,C,T,0.98,628,614,30,0.67,A
PRJNA698267,SRR13615995,NC_045512.2,28144,T,C,1,998,994,30,0.51,A
PRJNA698267,SRR13615995,NC_045512.2,29095,C,C,0.99,1532,1519,30,0.46,
PRJNA698267,SRR13615996,NC_045512.2,8782,C,T,0.97,324137,315748,30,0.67,A
PRJNA698267,SRR13615996,NC_045512.2,28144,T,C,0.99,565108,561679,30,0.51,A
PRJNA698267,SRR13615996,NC_045512.2,29095,C,C,0.99,777396,771829,30,0.46,
PRJNA698267,SRR13615997,NC_045512.2,8782,C,T,0.98,101502,99472,30,0.65,A
PRJNA698267,SRR13615997,NC_045512.2,28144,T,C,0.99,130405,129703,30,0.5,A
PRJNA698267,SRR13615997,NC_045512.2,29095,C,C,0.99,269372,267502,30,0.47,
PRJNA698267,SRR13615998,NC_045512.2,8782,C,T,0.96,5982,5738,30,0.67,A
PRJNA698267,SRR13615998,NC_045512.2,28144,T,C,0.97,7628,7366,30,0.48,A
PRJNA698267,SRR13615998,NC_045512.2,29095,C,C,1,11964,11924,30,0.47,
PRJNA698267,SRR13616000,NC_045512.2,8782,C,C,0.93,2592,2410,30,0.62,B
PRJNA698267,SRR13616000,NC_045512.2,8782,C,T,0.06,2592,151,30,0.72,B
PRJNA698267,SRR13616000,NC_045512.2,28144,T,C,0.09,2617,244,30,0.56,B
PRJNA698267,SRR13616000,NC_045512.2,28144,T,T,0.9,2617,2362,30,0.5,B
PRJNA698267,SRR13616000,NC_045512.2,29095,C,C,1,4375,4356,30,0.47,
PRJNA698267,SRR13616001,NC_045512.2,8782,C,C,0.99,24117,23768,30,0.62,B
PRJNA698267,SRR13616001,NC_045512.2,28144,T,T,1,16672,16614,30,0.47,B
PRJNA698267,SRR13616001,NC_045512.2,29095,C,C,1,39652,39470,30,0.47,
PRJNA698267,SRR13616002,NC_045512.2,8782,C,C,0.99,11934,11844,30,0.61,B
PRJNA698267,SRR13616002,NC_045512.2,28144,T,T,1,19976,19923,30,0.5,B
PRJNA698267,SRR13616002,NC_045512.2,29095,C,C,0.99,29667,29416,30,0.44,
PRJNA698267,SRR13616003,NC_045512.2,8782,C,C,0.98,121809,119806,30,0.64,B
PRJNA698267,SRR13616003,NC_045512.2,28144,T,T,0.99,168496,167649,30,0.51,B
PRJNA698267,SRR13616003,NC_045512.2,29095,C,C,0.99,238979,237193,30,0.45,
PRJNA698267,SRR13616004,NC_045512.2,8782,C,C,0.99,44892,44547,30,0.62,B
PRJNA698267,SRR13616004,NC_045512.2,28144,T,T,1,33561,33454,30,0.49,B
PRJNA698267,SRR13616004,NC_045512.2,29095,C,C,0.99,75538,74975,30,0.45,
PRJNA698267,SRR13616010,NC_045512.2,8782,C,T,0.99,647,642,30,0.66,T/T with subordinate B
PRJNA698267,SRR13616010,NC_045512.2,28144,T,C,0.1,7213,688,30,0.47,T/T with subordinate B
PRJNA698267,SRR13616010,NC_045512.2,28144,T,T,0.9,7213,6519,30,0.77,T/T with subordinate B
PRJNA698267,SRR13616010,NC_045512.2,29095,C,C,0.99,3400,3382,30,0.43,
PRJNA698267,SRR13616011,NC_045512.2,8782,C,T,0.99,3338,3301,30,0.66,A
PRJNA698267,SRR13616011,NC_045512.2,28144,T,C,1,5824,5812,30,0.51,A
PRJNA698267,SRR13616011,NC_045512.2,29095,C,C,1,8386,8354,30,0.45,
PRJNA698267,SRR13616012,NC_045512.2,8782,C,T,0.96,49627,47889,30,0.66,A
PRJNA698267,SRR13616012,NC_045512.2,28144,T,C,0.99,87486,86990,30,0.51,A
PRJNA698267,SRR13616012,NC_045512.2,29095,C,C,0.99,183450,182075,30,0.45,
PRJNA698267,SRR13616013,NC_045512.2,8782,C,T,0.97,6524,6347,30,0.68,A
PRJNA698267,SRR13616013,NC_045512.2,28144,T,C,1,9424,9392,30,0.52,A
PRJNA698267,SRR13616013,NC_045512.2,29095,C,C,1,15483,15412,30,0.45,
PRJNA698267,SRR13616014,NC_045512.2,8782,C,T,0.96,14716,14198,30,0.66,A
PRJNA698267,SRR13616014,NC_045512.2,28144,T,C,1,11745,11688,30,0.49,A
PRJNA698267,SRR13616014,NC_045512.2,29095,C,C,0.99,29076,28890,30,0.46,
PRJNA698267,SRR13616016,NC_045512.2,8782,C,C,0.98,8846,8688,30,0.79,B
PRJNA698267,SRR13616016,NC_045512.2,28144,T,T,1,18658,18605,30,0.41,B
PRJNA698267,SRR13616016,NC_045512.2,29095,C,C,0.98,42199,41553,30,0.47,
PRJNA698267,SRR13616017,NC_045512.2,8782,C,C,0.98,15405,15157,30,0.65,B
PRJNA698267,SRR13616017,NC_045512.2,28144,T,T,1,22831,22780,30,0.52,B
PRJNA698267,SRR13616017,NC_045512.2,29095,C,C,0.99,32429,32222,30,0.44,
PRJNA698267,SRR13616019,NC_045512.2,8782,C,C,0.98,10779,10574,30,0.72,B
PRJNA698267,SRR13616019,NC_045512.2,28144,T,T,1,12429,12396,30,0.47,B
PRJNA698267,SRR13616019,NC_045512.2,29095,C,C,0.99,26188,25823,30,0.43,
PRJNA698267,SRR13616021,NC_045512.2,8782,C,C,0.98,2165,2127,30,0.63,B
PRJNA698267,SRR13616021,NC_045512.2,28144,T,T,1,3414,3398,30,0.72,B
PRJNA698267,SRR13616021,NC_045512.2,29095,C,C,1,45,45,30,0.48,
PRJNA698267,SRR13616023,NC_045512.2,8782,C,C,0.98,3821,3747,30,0.66,B
PRJNA698267,SRR13616023,NC_045512.2,28144,T,T,1,6542,6528,30,0.4,B
PRJNA698267,SRR13616023,NC_045512.2,29095,C,C,0.99,12880,12698,30,0.39,
PRJNA698267,SRR13616024,NC_045512.2,8782,C,T,0.98,14204,13957,30,0.66,A
PRJNA698267,SRR13616024,NC_045512.2,28144,T,C,1,15090,15024,30,0.47,A
PRJNA698267,SRR13616024,NC_045512.2,29095,C,C,1,25675,25570,30,0.47,
PRJNA698267,SRR13616028,NC_045512.2,8782,C,C,0.99,64262,63573,30,0.64,B
PRJNA698267,SRR13616028,NC_045512.2,28144,T,T,1,55209,55011,30,0.5,B
PRJNA698267,SRR13616028,NC_045512.2,29095,C,C,0.99,130461,129260,30,0.45,